general	general
general-alt	general (ALT)
general-alt2	general (ALT2)
general-alt3	general (ALT3)
general-alt4	general (ALT4)
general-alt5	general (ALT5)
general-alt6	general (ALT6)
general-alt7	general (ALT7)
general-alt8	general (ALT8)
general-alt9	general (ALT9)
general-alt10	general (ALT10)
general-alt11	general (ALT11)
general-alt12	general (ALT12)
general-exp	general (EXP)
general-fake-tls-auto	general (FAKE TLS AUTO)
general-fake-tls-auto-alt	general (FAKE TLS AUTO ALT)
general-fake-tls-auto-alt2	general (FAKE TLS AUTO ALT2)
general-fake-tls-auto-alt3	general (FAKE TLS AUTO ALT3)
general-simple-fake	general (SIMPLE FAKE)
general-simple-fake-alt	general (SIMPLE FAKE ALT)
general-simple-fake-alt2	general (SIMPLE FAKE ALT2)
